id,perform,target,female,rural,ethnic,firstgen,class,eval_workshop,eval_objectives,eval_org,eval_stimul,eval_think,eval_online,eval_instructor,eval_motivate
100002248,0,1,0,0,0,0,3,5,5,5,5,5,5,5,5
U00025824,1,2,0,0,0,0,,5,5,5,5,5,5,5,5
U00046841,1,0,1,0,0,1,,4,5,5,5,5,4,4,4
U00049259,0,1,1,0,0,0,,5,5,4,5,5,5,5,5
U00050731,1,0,1,0,0,0,,4,4,4,4,4,4,4,4
U00053504,1,1,1,0,0,0,3,5,5,5,4,5,4,5,5
U00054661,1,2,1,0,0,0,,5,5,5,4,4,4,4,4
U00055264,1,1,1,0,0,0,3,5,4,4,5,4,4,5,4
U00055735,1,2,1,0,0,0,3,5,5,5,5,5,5,5,5
U00058092,1,1,1,0,0,0,3,5,5,5,5,5,5,5,5
U00060966,0,1,1,0,0,0,,4,5,5,4,4,4,5,4
U00061209,1,1,1,1,0,0,3,5,5,5,5,5,4,5,5
U00062550,0,1,1,0,0,0,2,5,5,4,5,5,5,5,5
U00071619,1,1,1,0,0,0,,5,5,5,5,5,5,5,5
U00072570,0,0,1,0,0,0,,5,5,5,5,5,5,5,4
U00073060,1,1,0,0,0,1,2,5,5,5,4,4,3,3,4
U00073221,0,1,1,0,0,0,,5,4,5,4,5,5,5,5
U00073715,1,2,1,0,0,0,,5,5,5,4,5,5,4,5
U00074063,1,1,1,0,0,0,,5,5,5,5,5,5,5,5
U00080972,1,2,1,0,0,0,,5,5,5,5,5,5,5,4
U00081850,1,1,1,0,0,0,,4,5,5,5,4,5,5,5
U00082637,0,1,1,0,0,0,,5,4,4,5,5,5,5,5
U00082842,1,0,1,1,0,0,3,5,5,5,5,5,5,5,5
U00084127,1,0,1,1,0,0,3,5,3,5,4,4,4,4,4
U00086215,0,1,1,0,0,0,3,5,5,5,4,4,5,5,5
U00087205,1,2,1,1,0,0,2,5,5,5,5,4,5,5,5
U00088335,0,0,0,1,0,0,3,5,5,5,5,5,5,5,5
U00088825,1,0,1,0,0,1,1,5,5,5,4,4,4,5,4
U00090469,0,0,0,1,0,0,1,5,5,5,5,5,5,5,5
U00090493,1,1,0,0,0,0,,5,5,5,5,5,4,5,5
U00092737,0,2,0,0,0,0,3,5,4,3,4,4,4,5,3
U00093072,1,1,1,0,0,0,3,4,4,5,4,4,4,4,5
U00093111,1,2,0,0,0,0,3,5,5,5,5,5,5,5,4
U00093745,1,0,1,0,0,0,,5,5,5,4,5,5,4,4
U00095772,1,0,1,0,0,0,3,4,4,5,4,3,5,4,3
U00097318,0,2,1,0,0,0,,4,5,5,4,3,4,4,3
U00097319,0,1,0,0,0,0,,4,5,4,4,4,4,3,4
U00097660,0,0,1,0,0,0,,4,5,5,4,4,4,4,4
U00097843,0,0,1,0,0,0,,4,5,4,5,5,4,5,4
U00098649,0,2,1,1,0,0,3,5,5,4,5,5,5,5,5
U00100029,1,0,0,1,0,1,1,5,5,5,5,5,5,5,5
U00100687,1,0,1,1,0,1,2,5,5,5,5,5,5,5,5
U00101403,1,0,0,1,0,0,2,5,5,5,4,3,5,5,5
U00101724,0,2,1,0,0,0,,4,5,5,5,5,5,5,5
U00101767,1,2,1,0,0,0,,4,4,5,4,4,4,5,4
U00102077,1,0,1,0,0,0,,4,4,5,5,4,5,3,4
U00102463,0,2,0,1,0,0,1,5,5,5,5,5,5,5,5
U00103221,1,0,1,0,0,0,,5,5,5,5,5,5,5,5
U00103826,0,2,0,0,0,0,3,5,5,5,5,5,5,4,4
U00103991,1,2,1,0,0,0,,5,4,5,5,4,5,5,5
U00104150,0,1,0,0,0,1,1,4,5,4,4,4,4,4,4
U00104453,0,0,1,0,0,0,,5,5,4,5,5,5,5,5
U00105116,0,0,0,1,0,0,2,5,5,5,5,5,5,5,5
U00105935,0,0,1,1,0,0,2,5,5,5,5,5,5,5,5
U00106040,1,1,1,0,0,0,,5,5,5,5,5,5,5,5
U00106392,0,2,1,1,0,0,3,5,5,5,5,5,5,5,5
U00106393,0,0,1,1,0,0,3,5,5,5,5,5,5,5,5
U00107606,0,1,1,0,0,0,1,5,5,4,4,4,4,5,4
U00107865,0,1,0,0,0,1,2,5,5,5,5,5,5,5,5
U00108388,1,1,0,1,0,0,1,5,5,5,5,5,5,4,5
U00109197,0,1,1,1,0,0,3,5,5,5,5,5,5,5,5
U00109268,0,2,1,0,0,0,,5,5,5,4,5,5,4,5
U00109639,1,0,0,0,0,0,3,5,5,5,5,5,5,5,4
U00110293,1,0,1,0,0,0,2,5,5,5,5,5,5,5,5
U00110532,0,2,1,1,0,1,2,5,5,5,5,5,5,5,5
U00110576,1,2,1,0,0,1,3,4,4,4,4,4,4,4,4
U00110726,0,0,0,0,0,1,,5,5,5,5,5,5,5,4
U00110777,0,2,1,1,0,0,2,5,5,5,5,5,5,5,5
U00111673,1,0,1,1,0,0,2,5,5,5,5,5,5,5,5
U00112521,1,2,1,1,0,0,,5,4,5,5,5,5,5,5
U00113149,1,2,0,0,0,0,2,4,4,5,5,5,4,4,4
U00113152,0,2,1,0,0,0,,5,5,5,4,5,5,5,5
U00113271,0,2,1,0,0,0,,5,5,5,5,5,5,5,5
U00113313,0,2,1,1,0,0,3,5,5,5,4,5,5,5,5
U00113339,1,2,1,0,0,1,,5,5,5,5,5,5,5,5
U00113426,0,2,0,0,0,0,,5,5,5,4,4,5,5,5
U00113437,1,0,1,1,0,0,3,4,4,4,3,3,3,3,4
U00113501,1,0,1,1,0,0,,5,5,5,5,5,5,5,5
U00113506,0,2,0,0,0,0,,4,4,4,3,4,3,3,4
U00113667,0,2,1,0,0,0,,4,5,4,4,5,4,5,4
U00113674,0,0,0,0,0,0,2,5,5,4,4,4,4,4,4
U00113693,1,2,1,1,0,0,2,5,5,5,5,4,5,5,5
U00113860,0,2,1,0,0,0,1,5,5,5,5,5,4,5,5
U00114132,1,2,1,1,0,1,3,5,5,5,5,4,5,5,5
U00114376,0,1,1,0,0,0,,5,5,5,5,4,5,4,5
U00114462,0,0,0,0,0,1,3,5,5,4,5,4,4,5,5
U00114515,0,0,1,0,0,0,,5,5,5,5,5,5,5,5
U00114982,0,1,1,0,0,0,3,5,5,5,5,4,4,5,4
U00115024,0,2,1,0,0,0,,4,5,4,5,5,5,5,5
U00115112,0,2,1,0,0,0,,4,5,5,3,4,4,5,5
U00115168,1,1,1,0,0,0,,4,3,4,5,4,5,5,5
U00115249,0,0,1,0,0,0,3,4,4,5,2,4,5,4,4
U00115761,0,2,1,0,0,0,3,4,4,5,4,5,5,5,5
U00115970,0,2,1,0,0,0,3,4,4,3,4,4,4,3,4
U00115979,0,2,0,0,0,0,,5,5,5,4,4,5,5,4
U00116459,1,0,1,1,0,0,3,5,5,5,5,5,5,5,5
U00117119,0,2,1,1,0,0,1,5,4,4,5,4,5,5,5
U00117913,0,0,0,0,0,0,,5,5,5,5,5,5,5,5
U00118216,0,1,1,0,0,0,,4,4,4,4,4,4,4,4
U00118454,1,2,1,0,0,0,1,5,5,5,5,5,5,5,5
U00118466,0,1,1,0,0,0,,5,5,5,4,4,5,5,5
U00118476,0,1,1,0,0,0,,4,4,4,5,4,4,5,4
U00118485,1,2,1,0,0,0,3,5,5,5,5,5,5,5,5
U00118579,0,2,1,0,0,0,,5,5,5,5,5,5,5,5
U00118822,0,0,1,0,0,0,,4,4,4,4,4,4,4,4
U00118837,1,0,0,0,0,0,,5,5,5,4,5,5,4,5
U00119065,1,0,0,0,0,1,3,5,5,5,5,5,5,4,4
U00119107,0,0,1,0,0,0,3,4,4,4,4,4,4,4,4
U00119156,1,2,1,1,0,1,1,4,4,4,4,4,4,4,4
U00119245,1,2,0,0,0,0,,5,4,5,5,4,4,5,5
U00120458,1,1,0,0,0,0,3,5,5,5,5,5,5,5,5
U00120475,1,0,1,0,0,1,3,4,5,5,3,4,4,4,4
U00120482,1,1,0,0,0,0,3,5,5,5,5,5,5,5,5
U00120490,1,0,0,0,0,0,2,4,5,5,4,5,4,4,4
U00120601,1,2,1,0,0,0,,5,5,5,5,5,5,5,5
U00120606,1,2,1,0,0,0,,4,5,5,4,4,4,3,3
U00120832,0,1,0,0,0,0,3,5,5,5,5,5,5,5,5
U00121114,0,2,1,0,0,0,,4,4,5,3,3,4,5,5
U00121171,1,0,1,1,0,1,3,5,5,5,5,5,5,5,5
U00121191,0,2,1,0,0,0,2,5,5,5,5,5,5,5,5
U00121251,1,2,1,0,0,0,,5,5,5,5,5,5,5,5
U00121336,1,1,1,0,0,1,2,5,5,5,5,5,5,5,5
U00121387,1,0,0,0,0,0,2,5,5,5,5,5,5,5,5
U00121396,1,0,1,0,0,0,3,5,5,5,5,5,5,5,5
U00121410,1,2,0,0,0,0,3,5,5,5,5,5,5,5,5
U00121472,1,1,1,0,0,0,,5,5,5,5,5,5,5,5
U00121477,1,2,1,0,0,0,,4,5,5,4,5,5,5,5
U00121486,0,0,1,0,0,0,,5,5,5,5,5,5,5,5
U00121507,1,0,1,0,0,0,,5,5,5,5,5,5,5,5
U00121546,0,2,0,0,0,0,,4,4,4,4,4,3,4,4
U00121562,1,2,0,1,0,0,2,5,5,5,5,5,5,5,4
U00121574,1,1,1,0,0,0,,4,5,5,5,5,4,4,4
U00121635,1,1,1,0,0,0,,5,5,5,5,5,5,5,5
U00121699,0,2,0,0,0,0,2,5,5,5,5,5,5,5,5
U00121701,1,2,0,1,0,0,2,5,5,5,5,5,5,5,5
U00121704,0,1,1,0,0,0,,4,5,5,4,4,5,4,5
U00121735,1,0,1,0,0,0,1,4,5,5,5,4,3,3,3
U00121739,0,2,0,1,0,0,,4,5,5,5,5,5,5,5
U00121766,1,0,0,0,0,0,,4,5,5,4,4,4,4,4
U00121912,1,0,1,0,0,0,,5,5,5,5,5,5,5,5
U00121914,1,0,0,0,0,0,,5,5,5,4,4,4,5,5
U00121939,1,1,0,0,0,1,2,5,5,5,4,4,5,5,5
U00121948,0,1,1,0,0,0,,4,5,4,4,4,5,5,5
U00121950,0,1,0,0,0,0,3,5,5,5,5,5,5,5,5
U00121952,1,1,0,1,0,0,,5,5,5,5,5,5,5,5
U00121962,1,1,0,0,0,0,,5,5,5,5,5,5,5,5
U00121965,0,0,1,1,0,0,2,4,5,5,4,5,4,4,4
U00121987,0,1,1,1,0,0,3,5,4,5,5,5,5,5,5
U00122006,1,2,0,0,0,0,3,4,4,4,5,4,4,4,4
U00122052,1,1,1,1,0,0,,5,5,5,4,4,5,5,4
U00122081,1,1,1,0,0,0,3,4,5,5,4,4,4,5,5
U00122098,1,0,1,0,0,0,,5,5,5,5,5,5,5,5
U00122108,1,2,1,0,0,0,3,5,4,5,5,5,5,5,4
U00122153,0,2,0,0,0,0,2,5,4,5,4,4,4,5,4
U00122162,0,1,1,0,0,1,1,5,5,5,4,5,4,5,5
U00122170,1,2,0,0,0,0,,5,5,5,5,4,5,5,5
U00122191,1,1,0,1,0,1,3,5,5,4,4,4,4,5,5
U00122196,0,2,0,0,0,0,1,5,5,5,5,5,5,5,5
U00122214,1,0,0,1,0,0,1,2,3,4,3,3,4,5,4
U00122261,0,0,0,0,0,0,1,5,5,5,5,4,4,5,4
U00122292,0,0,1,1,0,0,1,5,5,5,5,4,4,5,4
U00122347,0,2,0,1,0,0,,5,4,4,5,5,5,5,5
U00122349,1,0,0,0,0,0,3,4,4,5,4,5,5,5,5
U00122351,1,1,1,0,0,0,,5,5,5,5,5,5,5,5
U00122362,1,0,1,0,0,1,1,5,5,5,4,5,5,5,5
U00122401,0,2,0,1,1,0,3,5,5,5,5,5,5,5,5
U00122419,0,2,1,0,0,0,,5,5,5,5,5,5,5,5
U00122471,1,1,1,1,0,0,1,5,4,4,4,4,4,4,
U00122500,1,1,1,0,0,0,3,4,4,5,4,3,4,4,4
U00122502,0,2,0,0,0,1,1,5,5,5,5,4,5,4,5
U00122547,1,0,1,1,0,1,3,5,5,4,4,5,5,5,4
U00122586,1,1,1,1,0,0,2,5,5,5,4,4,5,5,4
U00122589,0,2,0,0,0,0,2,5,5,5,5,5,5,5,5
U00122608,1,2,1,0,0,0,3,5,5,5,5,5,5,5,5
U00122610,1,1,1,0,0,1,2,5,5,5,5,4,5,5,5
U00122629,1,1,0,0,0,0,2,4,4,3,4,4,4,4,4
U00122640,0,1,0,1,0,0,3,5,5,5,5,5,4,5,5
U00122703,0,2,1,0,0,0,,5,5,5,5,5,5,5,5
U00122706,1,0,0,0,0,1,3,5,5,5,5,5,5,4,5
U00122727,0,1,1,0,0,0,,5,4,5,5,5,5,5,5
U00122756,1,1,0,1,0,1,3,5,5,5,4,4,5,5,5
U00122776,1,2,1,0,0,0,3,5,5,5,5,5,5,5,5
U00122805,0,2,1,0,0,0,,5,5,5,5,3,5,5,5
U00122909,1,2,0,0,0,1,2,5,5,5,4,5,4,5,5
U00122997,1,1,0,0,0,0,2,5,5,4,5,5,4,4,4
U00123016,1,1,0,0,0,1,1,5,5,4,5,4,4,5,5
U00123077,0,1,0,0,0,0,,5,5,5,5,5,5,5,5
U00123112,0,1,0,0,0,0,,5,5,5,4,5,4,4,4
U00123151,1,1,1,0,0,0,3,5,5,5,5,5,5,5,5
U00123196,1,0,1,1,0,1,2,5,5,5,5,5,5,5,5
U00123249,0,2,1,0,0,1,,5,5,5,5,5,5,5,5
U00123262,1,2,0,0,0,0,2,4,5,4,5,5,3,3,3
U00123268,1,2,1,1,0,0,,5,5,5,5,4,5,5,5
U00123496,0,1,0,0,0,0,,5,5,5,5,5,5,5,5
U00123564,0,1,1,0,0,0,,5,5,5,5,5,5,5,5
U00123568,1,1,1,0,0,0,,5,5,5,5,5,5,5,5
U00123644,0,0,1,0,0,1,1,5,5,5,5,3,5,5,5
U00123676,1,1,1,0,0,0,3,5,5,5,5,5,5,5,5
U00123706,1,0,1,0,0,1,2,5,5,5,5,5,5,5,5
U00123720,1,2,1,0,0,0,,5,4,5,3,5,3,4,4
U00123992,1,0,1,0,0,0,,4,4,5,5,5,5,5,4
U00124147,0,1,1,0,1,0,1,4,4,4,4,5,4,5,4
U00124265,1,0,1,1,0,0,1,5,5,5,4,4,5,5,4
U00124811,1,2,1,1,0,0,3,5,5,5,5,5,5,5,5
U00125156,0,1,0,0,0,0,1,5,5,5,5,5,5,5,5
U00125213,1,2,1,0,0,0,,4,5,4,3,5,4,5,5
U00125320,1,0,1,0,0,0,,5,5,5,4,5,4,5,4
U00125327,1,1,1,0,0,1,1,5,4,4,5,4,5,5,4
U00125337,1,2,1,0,0,0,,5,5,5,5,5,5,5,4
U00125340,0,2,0,0,0,0,3,4,4,4,4,4,3,4,4
U00125386,0,2,1,1,1,0,3,5,5,5,5,5,5,5,5
U00125434,1,1,1,0,0,0,3,4,4,3,3,4,4,4,3
U00125462,0,1,1,0,0,0,,5,5,5,5,5,5,5,5
U00125538,1,0,1,0,0,0,,5,5,5,5,5,5,5,5
U00125597,1,2,0,0,0,0,,5,5,5,5,5,5,5,5
U00125642,1,2,1,0,1,0,3,4,4,5,4,4,4,4,4
U00125668,0,0,1,0,0,0,,5,5,5,5,5,5,5,5
U00125680,1,1,1,0,0,0,,5,4,5,5,4,5,5,4
U00125835,1,0,0,0,0,1,2,4,3,4,3,3,4,4,4
U00125924,1,2,1,0,0,0,,5,4,5,5,5,5,5,5
U00126104,1,2,0,0,0,0,,5,4,5,5,4,4,4,4
U00126121,0,1,1,0,0,0,3,5,5,5,5,5,4,5,4
U00126128,1,1,1,0,0,0,,5,5,5,5,4,5,5,5
U00126147,1,0,0,0,0,1,3,4,5,4,5,5,4,5,4
U00126152,1,0,0,0,0,1,1,5,5,5,4,4,5,5,5
U00126211,0,1,1,1,0,0,2,5,5,5,5,5,5,5,5
U00126243,1,0,1,0,0,0,,5,5,5,5,5,5,5,5
U00126257,1,0,1,1,0,0,3,5,5,5,5,5,5,5,5
U00126278,0,0,0,1,0,0,2,4,4,5,4,4,4,3,3
U00126309,0,1,0,0,0,0,,5,5,4,5,5,5,5,4
U00126360,1,0,1,0,0,0,,5,5,5,5,5,5,5,5
U00126379,1,2,1,0,0,0,3,5,5,5,5,5,5,5,5
U00126389,0,1,1,0,0,0,2,4,5,5,5,4,5,5,5
U00126391,1,2,1,0,0,0,,5,5,5,5,5,5,5,5
U00126504,1,1,1,0,0,0,,5,5,5,5,5,5,5,5
U00126572,1,2,0,0,0,0,2,5,5,4,5,3,5,5,5
U00126610,1,2,0,0,0,0,,4,5,5,4,5,5,5,5
U00126722,0,0,0,1,0,0,2,5,5,4,5,4,5,5,4
U00126746,0,0,1,0,0,1,2,4,5,5,5,5,4,5,5
U00126816,1,1,1,0,0,1,2,5,5,5,5,5,5,5,5
U00126854,1,2,0,0,0,0,2,5,5,5,5,5,5,5,5
U00126906,0,0,1,0,0,0,,5,4,4,4,5,5,5,5
U00126936,0,2,1,0,0,0,,5,5,5,5,5,5,5,5
U00127034,1,0,1,1,0,0,2,5,5,5,5,5,5,5,4
U00127093,1,1,0,0,0,0,2,5,5,5,5,5,5,5,4
U00127726,1,2,0,0,0,0,,5,5,5,5,5,5,5,5
U00128570,1,0,0,1,0,1,1,5,5,5,5,5,5,5,5
U00128626,1,1,1,1,0,0,1,5,5,5,5,5,4,5,5
U00128784,1,2,1,0,0,0,,5,5,5,5,5,4,4,4
U00128865,0,2,0,1,0,0,2,4,4,5,5,4,4,4,3
U00129007,0,0,1,0,0,0,,4,5,5,5,5,5,5,5
U00129297,1,2,1,0,0,0,3,5,5,5,5,5,5,5,5
U00129375,1,2,1,1,0,0,3,5,5,5,5,5,5,4,4
U00129386,1,2,1,1,0,0,3,5,5,5,5,5,5,5,5
U00129389,1,1,0,1,0,1,3,5,4,5,4,5,5,5,5
U00129474,1,1,0,0,0,0,2,5,5,4,5,4,4,4,5
U00129497,1,0,0,0,0,0,,5,5,5,5,5,5,5,5
U00129501,0,2,1,1,0,0,3,4,5,5,4,5,3,4,4
U00129524,1,1,0,1,0,1,3,5,5,5,5,5,5,5,5
U00129538,1,0,0,0,0,1,1,5,5,5,5,5,4,5,5
U00129565,0,1,0,1,0,0,3,4,4,4,3,3,4,3,3
U00129576,1,1,1,0,0,0,,5,5,5,4,4,5,5,5
U00129577,0,0,1,0,0,0,3,5,5,4,5,4,5,4,3
U00129581,1,2,1,0,0,0,,4,5,4,4,3,4,5,4
U00129598,1,2,1,0,0,0,,4,5,5,5,4,4,4,5
U00129602,1,0,1,0,1,0,2,5,5,4,4,5,4,5,5
U00129608,1,2,1,1,0,0,,5,5,5,5,5,4,5,5
U00129702,1,2,1,0,0,0,,5,5,5,5,5,5,5,5
U00129711,0,2,1,0,0,0,,5,5,5,5,5,5,5,5
U00129793,1,2,1,0,0,1,3,4,5,5,5,4,4,4,5
U00129801,0,0,1,0,0,0,3,4,5,4,3,2,3,4,3
U00129864,1,2,1,0,0,0,3,4,5,5,4,4,5,5,4
U00129875,1,2,1,0,0,0,,5,4,4,5,5,4,5,5
U00129890,1,1,1,1,0,0,3,5,5,5,5,5,5,5,4
U00129901,0,1,1,0,0,0,2,5,5,5,4,5,4,4,4
U00129911,0,1,0,1,0,0,3,5,5,5,5,5,5,5,5
U00129917,1,1,1,1,0,1,2,3,5,4,4,4,4,4,4
U00129927,0,1,1,0,0,0,,4,5,5,4,4,5,5,5
U00129932,0,1,1,0,0,0,,5,4,4,4,4,5,5,5
U00129957,1,0,1,0,0,0,,4,5,4,4,4,4,4,4
U00129989,1,0,0,0,0,0,,4,5,5,5,5,4,4,5
U00130005,1,2,0,0,0,0,2,5,5,4,5,5,3,5,4
U00130020,1,1,0,0,0,0,,4,5,4,4,5,4,4,4
U00130062,1,2,0,0,0,0,,5,5,4,5,5,4,5,5
U00130082,1,2,0,1,0,0,3,5,4,4,5,4,4,4,4
U00130092,1,0,1,0,0,0,,4,4,4,4,4,4,5,5
U00130109,1,0,1,0,0,0,3,5,5,5,5,5,4,5,5
U00130119,1,2,1,0,0,0,,5,5,5,5,5,4,4,5
U00130180,0,2,1,0,0,0,3,5,4,4,5,5,4,5,5
U00130194,0,1,1,0,0,0,3,4,4,4,4,3,3,3,4
U00130199,0,2,1,0,0,1,2,4,5,5,5,5,4,5,5
U00130232,1,1,0,0,0,0,3,4,4,4,4,4,2,3,1
U00130263,1,1,1,0,0,1,2,5,5,5,5,5,5,5,5
U00130267,0,2,0,0,0,0,2,5,5,5,5,5,4,5,4
U00130269,0,2,0,0,0,1,3,5,4,5,4,4,4,5,5
U00130281,1,1,1,0,0,0,,5,5,5,5,5,3,5,4
U00130301,0,1,1,1,0,0,2,5,5,5,5,5,5,5,5
U00130310,1,1,1,1,0,0,3,4,4,5,5,5,4,5,4
U00130311,1,2,1,0,0,0,,4,5,4,4,3,4,5,5
U00130314,1,2,1,0,0,0,3,4,4,4,4,4,4,4,4
U00130328,1,1,0,0,0,0,2,5,5,5,5,5,5,5,5
U00130339,1,2,0,0,0,0,,5,5,4,5,4,5,5,5
U00130371,1,0,1,0,0,0,1,4,5,5,4,4,5,5,5
U00130404,1,0,1,0,0,1,1,4,5,5,4,4,4,5,5
U00130449,1,2,1,0,0,0,2,5,5,5,5,5,5,5,5
U00130457,1,2,0,0,0,0,3,5,5,4,5,4,5,5,5
U00130463,1,0,1,0,0,0,,5,5,5,4,4,4,5,5
U00130481,0,1,0,1,0,1,1,5,5,4,4,4,5,5,4
U00130491,0,1,0,1,0,0,2,4,5,4,3,4,4,4,4
U00130499,1,1,1,0,0,1,3,5,5,5,4,4,5,5,5
U00130527,1,1,1,0,0,0,,3,5,3,3,3,3,2,3
U00130530,1,1,1,0,0,0,3,4,5,5,4,4,4,5,5
U00130535,1,0,1,0,0,1,2,5,5,5,5,5,5,5,5
U00130539,1,1,1,0,0,1,1,4,5,5,4,4,4,4,4
U00130603,0,1,1,0,0,0,,5,4,5,5,5,4,5,5
U00130613,1,0,1,0,0,1,2,5,5,5,4,4,5,5,5
U00130665,1,1,1,0,0,1,3,5,5,5,5,4,4,4,5
U00130666,1,1,0,0,0,0,,5,5,5,5,5,5,5,5
U00130685,0,0,1,0,0,0,2,5,5,5,5,5,5,5,5
U00130702,1,0,0,0,0,1,2,4,5,5,4,4,5,4,5
U00130710,1,2,0,1,0,0,2,5,5,5,5,5,5,5,5
U00130746,1,2,1,1,0,0,3,5,5,5,5,5,4,4,4
U00130773,1,2,1,0,0,1,1,5,5,4,3,3,4,5,4
U00130794,1,1,0,0,0,0,,5,5,5,5,4,5,5,5
U00130812,1,2,1,0,0,0,,5,5,5,5,5,5,5,5
U00130863,0,0,1,0,0,1,3,5,5,5,5,5,5,5,5
U00130875,1,2,1,1,0,0,2,5,5,5,4,5,5,5,4
U00130915,1,2,0,0,0,0,,5,5,5,4,5,5,5,5
U00130919,1,1,1,0,0,0,,5,5,5,5,5,5,5,5
U00130931,1,1,1,0,0,0,,5,5,5,5,5,5,5,5
U00130987,1,0,0,1,0,0,,4,4,4,3,4,4,4,3
U00131021,1,0,0,0,0,0,,4,4,5,4,4,3,4,4
U00131280,1,0,1,0,0,0,,5,4,4,5,5,4,5,5
U00131304,1,2,1,0,0,1,3,5,5,5,5,4,5,5,5
U00131458,1,2,1,1,0,1,2,4,4,3,4,3,4,4,4
U00131509,1,1,1,1,0,0,2,5,5,4,5,5,4,5,5
U00131655,1,1,1,0,0,0,3,5,5,5,5,5,5,5,5
U00131704,1,0,1,0,0,0,,5,5,4,5,5,5,5,4
U00131738,1,2,0,0,0,1,,4,4,4,4,3,4,3,3
U00131801,1,0,1,0,0,0,,4,4,5,4,3,5,4,5
U00131857,0,1,1,0,0,0,,5,5,5,5,4,5,5,4
U00131946,1,2,1,0,0,0,,5,5,5,5,5,5,5,5
U00132005,1,0,1,1,0,0,,4,5,4,4,4,4,4,4
U00132081,1,0,1,0,0,0,,3,5,5,3,4,4,4,5
U00132193,1,2,1,0,0,0,3,4,5,5,5,4,5,5,5
U00132229,0,1,1,0,0,0,3,5,5,5,4,4,5,5,4
U00132256,0,1,1,0,0,0,1,5,5,5,5,5,5,5,5
U00132275,0,2,1,1,0,0,2,5,5,5,5,5,5,5,5
U00132289,1,2,1,0,0,0,2,5,5,4,4,5,5,5,5
U00132407,1,0,1,0,0,0,3,5,5,5,5,5,5,5,5
U00132480,0,0,1,1,0,0,2,5,5,5,5,5,4,5,4
U00132625,0,2,1,1,0,0,1,5,5,5,5,5,5,5,5
U00132665,1,2,1,1,0,1,1,5,4,4,5,5,5,5,4
U00133299,1,2,0,0,0,0,2,5,5,5,5,5,5,5,5
U00133410,1,2,1,0,0,0,,5,5,5,5,5,5,5,5
U00133514,0,2,0,0,0,0,3,4,5,5,5,5,4,5,4
U00133523,1,2,0,0,0,0,3,5,5,5,5,4,4,5,5
U00133548,1,1,1,0,0,0,,5,5,5,5,4,5,5,5
U00133571,1,0,1,0,0,0,,5,5,4,5,4,4,5,4
U00133581,0,2,1,0,0,1,1,5,4,5,5,5,4,5,4
U00133587,1,1,1,0,0,0,,5,4,4,5,4,4,4,5
U00133588,1,1,1,0,0,0,3,4,3,5,4,3,5,5,4
U00133614,1,1,1,0,0,1,3,4,4,4,4,3,4,4,4
U00133616,1,1,1,0,0,0,,4,5,4,5,5,4,5,5
U00133662,1,2,0,1,0,0,3,5,5,5,5,5,5,5,5
U00133670,0,0,1,0,0,0,2,5,1,5,4,4,5,4,4
U00133693,0,1,1,0,0,1,2,5,5,5,4,4,5,5,4
U00133703,1,1,1,0,0,0,,4,5,5,4,5,4,4,4
U00133707,1,1,0,0,0,1,1,4,5,5,4,4,4,5,4
U00133777,1,1,1,0,0,0,3,5,5,5,4,4,5,5,5
U00133795,1,1,1,0,0,0,,5,5,5,5,4,5,5,5
U00133849,1,1,1,0,0,0,,5,5,5,5,4,5,5,5
U00133856,0,2,1,0,1,0,1,4,5,4,5,5,5,5,5
U00133870,0,2,0,0,0,0,,4,5,5,4,4,5,5,4
U00133942,0,2,1,0,0,0,,5,5,5,5,5,4,4,4
U00133966,1,2,1,0,0,0,,5,5,5,3,4,5,5,4
U00133982,0,2,1,1,0,0,,5,5,4,5,5,5,5,5
U00133988,0,1,1,0,0,0,3,5,5,5,5,5,5,5,5
U00134001,1,2,0,0,0,0,,5,5,5,5,4,4,5,5
U00134008,0,1,0,0,0,0,,5,5,5,5,5,5,5,4
U00134011,0,2,1,0,0,1,2,5,5,4,4,4,4,4,4
U00134036,1,2,1,0,0,1,2,5,4,4,3,4,4,4,4
U00134064,1,2,0,0,0,1,,5,5,5,5,5,4,4,5
U00134076,0,0,1,0,0,0,,4,5,5,4,5,4,5,3
U00134103,0,0,1,0,0,1,1,5,5,4,4,5,5,5,5
U00134372,0,1,1,0,1,1,2,4,5,4,5,4,5,4,4
U00134376,1,2,0,0,0,0,3,5,4,5,5,5,5,4,5
U00134711,1,2,0,0,0,0,3,5,4,4,5,5,5,5,5
U00134712,1,2,1,1,0,0,1,5,5,5,5,5,5,5,5
U00134760,1,0,0,0,0,0,3,4,4,5,4,4,5,5,3
U00134781,1,0,1,1,0,1,2,5,5,5,4,5,5,5,4
U00134785,1,0,1,0,0,0,,5,5,5,5,4,5,5,5
U00134850,1,0,1,0,0,1,2,3,5,5,5,5,5,5,5
U00134879,0,0,1,0,0,0,2,5,5,5,5,5,5,5,5
U00134895,1,2,1,0,0,0,2,5,5,5,5,5,5,5,5
U00135090,1,1,1,0,0,0,,3,4,4,3,3,4,3,4
U00135188,1,1,1,0,0,0,1,4,4,5,4,4,3,4,5
U00135197,0,2,0,0,0,0,2,5,5,5,5,5,5,5,5
U00135207,1,0,1,0,0,0,3,4,5,5,4,3,5,4,3
U00135231,1,0,1,0,0,1,2,4,5,4,5,5,5,5,5
U00135329,1,1,1,0,0,0,2,5,5,4,4,5,5,5,5
U00135377,1,2,0,1,0,0,1,5,5,5,5,5,5,5,5
U00135424,0,1,1,0,0,1,2,5,5,5,5,5,5,5,5
U00135503,0,2,1,1,1,0,3,5,5,5,5,5,5,5,5
U00135559,0,0,1,1,0,0,1,5,4,4,5,5,4,5,5
U00135563,1,0,1,0,0,0,3,5,5,5,5,5,5,5,5
U00135565,1,0,1,1,0,0,1,5,5,5,5,5,4,5,4
U00136043,1,2,1,1,0,0,2,4,4,4,5,5,5,5,4
U00136401,1,1,1,0,0,1,3,4,5,5,5,4,5,5,5
U00137021,1,2,0,0,0,0,,4,4,5,3,3,5,5,3
U00137047,1,1,1,0,0,0,,4,4,4,4,4,4,4,4
U00137112,1,2,0,1,0,0,2,5,5,5,4,5,5,5,4
U00137140,0,2,1,0,0,1,1,5,5,5,5,5,5,5,5
U00137182,1,0,1,0,0,0,3,5,5,4,4,4,4,4,4
U00137267,1,2,1,0,0,1,3,5,4,4,3,5,4,5,5
U00137301,1,1,1,0,0,0,,4,5,5,4,4,4,5,4
U00137303,1,2,1,0,0,0,,4,5,5,5,5,4,5,5
U00137355,1,1,1,0,0,0,,5,5,4,4,4,5,4,4
U00137480,1,0,1,0,0,1,1,5,5,5,5,5,5,5,5
U00137528,1,2,1,1,0,0,2,5,4,4,4,4,4,4,4
U00137561,0,1,0,0,0,0,2,5,4,4,4,4,5,5,5
U00137576,0,1,1,0,0,0,,5,4,5,4,5,4,5,5
U00137581,0,1,1,1,0,0,,5,4,4,5,5,4,4,5
U00137612,0,2,1,0,0,0,,5,5,5,4,5,4,5,5
U00137623,0,2,0,0,0,0,,4,4,5,5,5,4,4,4
U00137636,1,1,1,0,0,0,,5,5,4,5,5,5,5,4
U00137651,0,0,0,0,0,0,,4,4,4,4,4,5,5,5
U00137656,1,0,0,0,0,1,3,5,5,4,3,4,5,4,5
U00137661,1,1,1,0,0,0,3,5,5,5,5,4,4,5,5
U00137687,1,1,1,1,0,0,,5,5,5,5,5,5,5,5
U00137692,0,0,1,0,0,0,,5,5,5,5,5,5,5,5
U00137728,1,2,1,0,0,0,,5,5,5,5,5,5,5,5
U00137745,0,1,1,0,0,0,,5,5,5,5,5,5,5,5
U00137755,0,2,1,1,0,0,2,4,4,5,5,4,5,5,5
U00137771,0,0,0,0,0,1,3,5,5,5,5,5,5,5,5
U00137807,1,1,0,1,0,1,2,5,4,5,5,5,5,5,5
U00137848,1,2,1,1,0,0,,5,5,5,5,5,5,5,4
U00137852,0,2,0,0,0,0,,5,5,5,5,5,5,5,5
U00137856,0,1,0,0,0,0,,5,4,5,5,5,5,5,5
U00137867,1,0,1,0,0,0,,4,4,4,4,3,5,5,4
U00137875,1,1,0,0,0,0,2,5,4,5,4,4,5,3,3
U00137880,1,1,0,0,0,0,3,5,5,5,5,4,5,5,4
U00137884,1,1,0,0,0,1,3,4,5,5,5,4,4,5,5
U00137892,1,2,1,0,0,0,3,5,5,5,5,5,5,5,5
U00137911,1,1,1,0,0,0,,5,5,5,5,5,5,5,5
U00137913,1,2,1,1,0,1,2,5,5,5,5,5,4,5,4
U00137924,1,0,0,0,0,0,2,5,5,5,4,4,4,5,4
U00137925,1,1,1,0,0,0,3,4,3,4,3,3,4,3,3
U00137945,1,0,1,0,0,0,,5,5,5,5,5,5,5,5
U00137968,1,2,0,0,0,0,,5,4,5,5,5,5,5,5
U00138018,1,0,1,0,0,0,3,4,4,5,5,5,5,5,5
U00138045,0,1,0,0,0,1,2,5,4,5,5,4,5,4,4
U00138049,1,2,1,0,0,0,,5,5,5,5,5,5,5,5
U00138096,1,0,1,0,0,0,,5,5,5,5,5,5,5,5
U00138110,1,0,1,0,0,1,1,4,5,5,4,4,4,5,5
U00138112,1,0,1,0,0,0,3,5,5,5,4,4,5,5,5
U00138133,1,0,1,1,0,0,,4,5,4,4,4,4,4,4
U00138143,1,2,1,0,0,0,,5,5,5,5,5,4,4,5
U00138147,1,1,1,1,0,0,3,5,5,5,5,5,4,5,5
U00138150,1,1,0,0,0,0,2,5,4,5,5,4,4,5,5
U00138173,1,2,0,0,0,0,,5,4,4,5,5,4,4,3
U00138176,1,0,1,0,0,1,2,5,5,5,5,4,5,5,5
U00138213,1,1,1,0,0,0,3,5,5,5,5,4,5,5,4
U00138252,1,1,0,0,0,1,2,5,5,5,4,4,5,5,5
U00138276,1,1,1,1,0,0,1,5,5,5,5,5,4,4,5
U00138283,1,1,0,1,0,0,3,5,5,5,4,4,4,5,5
U00138284,1,1,1,1,0,1,3,4,5,5,4,5,5,5,5
U00138327,0,1,1,0,0,0,,5,5,5,5,4,5,5,5
U00138329,1,1,1,1,0,0,2,5,5,5,5,5,5,5,5
U00138373,1,0,1,1,0,0,3,4,4,5,3,5,3,4,3
U00138386,0,0,1,1,0,0,,3,4,4,3,3,3,2,3
U00138396,1,0,1,0,0,0,2,5,5,5,5,5,5,5,5
U00138417,1,0,1,1,0,1,3,5,5,5,5,5,5,5,5
U00138444,1,2,1,0,0,0,,4,4,5,3,4,4,4,4
U00138471,0,2,1,0,0,0,,5,5,5,4,4,5,5,4
U00138484,0,2,1,0,0,0,1,3,5,3,3,3,2,2,2
U00138521,1,2,0,1,0,0,2,5,5,5,5,5,5,5,5
U00138543,1,0,1,1,0,0,1,5,5,5,5,4,5,5,4
U00138572,0,0,1,0,0,0,,5,5,5,5,,5,5,5
U00138585,1,2,1,0,1,1,1,5,5,4,5,5,5,5,5
U00138603,0,0,1,0,0,0,2,5,5,5,5,5,4,5,5
U00138623,1,0,1,0,0,0,2,5,4,5,5,5,5,5,5
U00138630,1,1,1,0,0,0,3,5,5,5,4,5,5,5,5
U00138633,0,0,1,0,0,0,2,5,5,5,5,5,5,5,5
U00138635,1,0,0,0,0,0,,4,5,5,5,5,5,4,5
U00138660,1,0,1,1,0,1,3,5,5,5,5,5,5,4,4
U00138698,1,2,1,0,0,1,,4,4,4,4,4,4,4,4
U00138716,1,2,1,0,0,1,3,5,5,5,5,4,5,5,4
U00138737,1,0,0,0,0,1,,5,5,5,5,4,5,5,5
U00138763,1,1,1,0,0,0,,4,4,5,3,4,4,4,3
U00138773,1,2,1,0,0,0,2,5,4,5,5,5,5,5,5
U00138807,1,1,1,0,0,0,,5,5,5,5,5,5,5,5
U00138825,1,0,1,1,0,0,,5,5,5,5,5,5,5,5
U00138828,1,0,1,0,0,0,2,5,5,5,5,5,5,5,5
U00138830,1,2,1,0,0,0,3,5,5,5,4,5,5,5,4
U00138853,0,2,1,0,0,0,2,5,4,4,4,4,4,4,4
U00138857,1,0,1,1,0,1,3,5,5,5,5,5,5,5,5
U00138865,1,0,0,1,0,0,3,3,4,4,4,5,4,4,5
U00138895,1,2,1,0,0,0,,5,4,4,5,4,4,4,4
U00138908,0,1,0,0,0,0,,5,5,5,4,4,4,5,4
U00138910,1,1,0,0,0,1,2,5,4,4,4,5,4,5,4
U00138922,1,2,1,1,0,1,2,5,5,5,4,5,5,5,4
U00138953,1,0,1,0,0,0,3,5,5,5,5,5,5,5,5
U00138959,1,1,1,1,0,0,3,5,4,5,5,5,4,5,5
U00138965,1,0,1,0,0,0,2,4,4,4,4,4,4,4,4
U00138970,1,0,1,0,0,0,3,5,5,5,5,5,4,4,5
U00139022,1,1,1,0,0,0,2,5,5,5,5,5,5,5,5
U00139025,1,0,0,0,0,0,3,5,4,5,5,4,5,4,5
U00139032,1,1,0,0,0,0,1,5,4,4,3,4,3,4,3
U00139039,1,1,0,0,0,0,,5,5,3,4,4,5,5,4
U00139044,1,2,1,0,0,0,,5,5,5,5,5,5,5,5
U00139049,0,2,1,0,0,0,3,4,5,5,5,5,5,4,5
U00139091,1,1,0,0,0,1,1,5,5,5,5,5,5,5,5
U00139113,1,2,0,1,0,0,3,4,5,5,4,4,5,4,5
U00139147,1,0,0,0,0,0,,4,5,4,4,4,4,4,4
U00139199,1,0,0,0,0,1,2,5,5,5,4,4,5,5,4
U00139200,1,2,0,0,0,0,3,4,4,5,5,4,4,4,4
U00139201,0,2,1,0,0,0,,5,4,5,5,4,5,5,5
U00139223,0,2,1,0,0,0,3,4,5,4,5,4,5,5,5
U00139235,1,1,1,0,0,0,,5,5,5,5,5,4,5,5
U00139259,1,0,0,0,0,0,,5,4,5,5,5,5,5,4
U00139276,1,1,1,0,0,0,3,4,5,5,4,4,4,4,4
U00139279,0,1,0,0,0,1,,5,4,5,5,5,5,5,4
U00139290,1,0,1,1,0,0,2,5,5,5,5,5,5,5,5
U00139302,0,1,1,0,0,0,3,5,5,5,5,5,5,5,5
U00139318,1,2,1,1,0,1,3,4,5,5,4,5,4,5,5
U00139362,1,0,1,0,0,0,,5,5,4,5,5,4,4,4
U00139369,1,2,0,0,0,1,2,4,5,4,5,5,4,5,4
U00139380,0,0,1,1,0,0,3,4,5,5,4,4,4,5,4
U00139383,1,2,0,0,0,0,,4,4,5,4,4,4,5,4
U00139384,1,1,1,1,0,1,2,3,4,4,4,4,3,3,4
U00139394,1,0,1,0,0,0,,5,5,5,4,4,5,4,5
U00139403,1,2,1,0,0,0,1,5,5,5,5,5,5,5,5
U00139413,1,2,1,1,0,0,3,5,5,5,4,4,5,5,5
U00139414,0,2,0,0,0,1,2,5,5,4,5,5,5,5,4
U00139415,0,1,1,1,0,1,3,5,4,5,5,5,4,5,5
U00139422,0,2,0,1,0,0,2,5,5,4,4,4,4,5,5
U00139434,1,1,1,0,0,0,,4,4,4,4,4,4,4,4
U00139457,1,2,1,0,0,0,,4,5,5,5,5,4,4,4
U00139463,1,0,0,1,0,0,1,5,4,5,4,5,5,5,5
U00139470,1,2,1,1,0,1,2,4,4,5,4,4,4,4,3
U00139473,1,0,1,0,0,0,,5,5,5,5,5,5,5,5
U00139474,1,1,1,0,0,0,,4,4,5,4,5,5,3,4
U00139496,0,0,0,1,0,0,2,4,4,5,4,4,3,5,5
U00139499,1,1,0,0,0,0,,4,5,5,4,3,5,5,5
U00139526,1,2,1,1,0,1,1,5,4,4,4,4,4,4,4
U00139568,1,2,1,0,0,0,,2,4,4,3,4,3,5,4
U00139570,1,0,1,0,0,1,2,5,5,5,5,4,5,5,5
U00139603,1,2,1,0,0,0,,4,4,4,3,4,3,4,4
U00139648,1,2,1,0,0,0,2,4,5,5,4,4,4,4,3
U00139700,1,0,0,1,0,0,3,5,4,5,5,5,5,4,5
U00139724,0,2,0,0,0,1,1,4,4,3,4,2,3,4,3
U00139733,1,1,1,0,0,1,3,4,4,5,5,4,5,5,5
U00139753,1,2,1,1,0,0,2,5,5,5,5,5,5,5,5
U00139778,1,2,0,0,0,0,,4,5,5,5,5,5,5,4
U00139792,1,0,1,0,0,0,2,5,5,5,5,4,5,5,5
U00139823,1,0,1,0,0,1,2,4,5,4,5,4,4,5,5
U00139830,1,0,1,0,0,1,2,5,5,5,5,5,5,5,5
U00139831,1,1,1,0,0,0,2,5,5,4,4,4,3,4,5
U00139924,1,1,1,0,0,1,3,5,5,4,4,4,4,5,5
U00139928,1,1,1,1,0,0,3,4,4,4,5,5,5,5,5
U00139963,1,1,1,0,0,0,,4,5,4,4,5,4,4,5
U00139964,1,0,1,0,0,0,,5,5,5,5,5,5,5,5
U00139965,1,2,1,0,0,1,3,4,5,5,4,4,4,4,4
U00139998,1,1,1,0,0,0,,5,5,4,5,5,5,5,5
U00140059,1,0,1,0,0,0,,5,5,5,3,5,5,5,5
U00140138,1,2,1,0,0,1,3,5,5,5,5,5,5,5,5
U00140165,1,0,1,0,0,0,,5,5,4,4,4,4,5,5
U00140167,1,2,1,0,0,0,,5,5,5,5,5,5,5,5
U00140177,1,2,1,0,0,1,3,4,4,5,5,4,5,5,5
U00140206,1,2,1,0,0,0,3,5,5,5,5,5,5,5,5
U00140207,0,0,1,1,0,0,2,5,5,4,5,5,4,5,5
U00140240,1,0,1,1,0,1,2,5,5,5,5,5,5,5,5
U00140248,0,1,1,0,0,1,3,5,4,5,4,5,5,5,4
U00140348,1,2,1,0,0,1,,5,5,5,3,4,5,5,4
U00140349,0,2,1,1,0,0,3,5,5,5,5,4,5,5,4
U00140372,1,1,1,1,0,0,1,5,5,5,5,5,5,5,5
U00140523,0,2,1,1,0,0,1,5,4,4,5,4,4,4,5
U00140535,1,2,1,1,0,0,1,5,5,5,5,5,5,5,5
U00140577,1,1,1,1,0,1,1,5,5,5,5,5,5,5,5
U00140596,1,1,1,1,0,0,1,5,5,5,5,5,5,5,5
U00140639,1,1,1,0,0,0,3,5,5,5,4,4,5,5,4
U00140649,1,0,0,0,0,0,2,5,5,5,5,5,5,5,5
U00140717,1,1,1,1,0,0,1,5,5,5,5,5,5,5,5
U00140750,1,0,1,1,0,0,1,5,5,5,4,4,5,5,5
U00140818,1,1,0,0,0,0,1,5,4,4,4,4,4,4,4
U00141251,1,1,1,0,0,0,3,5,5,5,5,5,5,5,5
U00141283,0,0,0,1,0,1,3,5,5,5,5,5,5,5,5
U00141286,1,2,0,0,0,0,3,4,4,4,4,4,5,5,4
U00141290,1,1,1,1,0,0,2,5,5,5,5,4,5,5,4
U00141300,0,0,1,1,0,0,3,5,5,5,5,5,5,5,5
U00141344,1,0,0,0,0,0,,5,5,5,5,5,5,5,5
U00141393,0,2,0,0,0,1,2,5,5,5,5,5,5,5,4
U00141433,1,2,0,0,0,0,,5,5,5,5,5,5,5,5
U00141442,1,0,1,0,0,0,,4,4,4,4,4,4,4,4
U00141522,1,0,1,1,0,0,1,5,5,5,5,5,5,5,5
U00141540,1,1,1,0,0,1,2,5,5,5,5,5,5,5,5
U00141566,1,1,1,0,0,0,,4,4,4,4,4,4,4,4
U00141582,1,2,1,1,0,0,,4,5,5,4,4,5,5,5
U00141672,1,0,1,0,0,0,,4,5,5,5,5,5,5,4
U00141684,0,2,1,1,0,0,,4,5,5,5,4,4,4,4
U00141703,1,1,1,0,0,0,,4,4,5,4,5,4,3,4
U00141727,1,1,1,1,0,0,,4,4,3,2,2,3,4,4
U00141729,1,0,1,0,0,0,,5,5,5,5,5,5,5,5
U00141761,1,0,1,0,0,1,2,4,3,5,5,5,4,4,5
U00141762,1,2,1,1,0,1,3,4,4,4,4,5,3,5,5
U00141770,1,2,1,1,0,1,2,4,4,4,3,3,4,4,5
U00141800,0,1,1,0,0,1,2,5,4,5,4,5,4,5,5
U00141801,0,2,1,0,0,0,1,5,4,4,4,5,4,4,4
U00141818,0,0,0,0,0,1,3,5,5,5,5,4,5,5,4
U00141858,0,0,1,1,0,1,3,5,5,5,4,4,5,5,5
U00141907,1,0,1,0,0,0,,5,5,5,4,5,5,5,5
U00141922,1,2,1,1,0,0,1,5,5,4,5,4,4,5,5
U00141963,1,2,0,0,0,0,3,5,5,5,5,5,5,5,5
U00141975,1,0,1,1,0,1,2,5,4,4,4,5,4,4,4
U00141999,0,1,0,0,1,1,1,5,5,5,5,5,5,5,5
U00142069,0,0,0,0,0,0,2,5,5,5,3,5,4,4,3
U00142129,1,1,1,1,0,0,1,5,4,5,5,5,5,5,5
U00142144,1,1,1,1,1,0,1,4,5,5,4,5,5,5,5
U00142399,1,0,1,0,0,0,3,4,5,5,4,5,5,5,5
U00142444,1,0,1,1,0,0,1,5,5,5,4,4,5,5,5
U00142449,0,2,1,0,0,0,,5,5,5,5,5,5,5,5
U00142508,1,0,1,0,0,1,1,5,5,5,5,5,5,5,5
U00142555,1,0,1,0,0,0,2,4,5,5,4,4,5,5,4
U00142646,1,1,1,1,1,0,2,5,5,5,4,5,5,5,4
U00142657,1,0,1,1,1,0,1,5,5,5,5,5,5,5,4
U00142686,1,1,1,1,0,0,3,5,5,5,5,5,5,5,5
U00142771,1,1,1,1,0,1,1,5,5,5,4,5,5,5,5
U00142820,1,2,0,1,0,0,1,5,5,5,5,4,5,4,5
U00142879,1,1,1,1,0,0,2,3,4,4,4,4,3,4,4
U00142966,0,1,0,0,0,0,2,5,5,5,4,5,5,5,5
U00143013,1,1,1,0,0,0,2,5,4,5,5,4,4,4,4
U00143022,1,0,0,0,0,0,1,5,5,5,5,5,5,5,5
U00143076,1,0,0,0,0,0,3,5,5,5,5,5,5,5,5
U00143083,1,1,1,0,0,0,2,4,4,4,3,4,3,4,4
U00143086,1,2,1,0,0,0,1,5,5,5,5,5,5,5,5
U00143095,1,2,1,0,0,0,2,5,5,5,5,5,5,5,5
U00143113,1,1,0,0,0,1,2,5,5,5,5,5,5,5,5
U00143131,1,1,1,0,0,0,2,5,4,5,5,5,5,5,5
U00143161,1,2,1,1,0,0,1,5,4,4,4,3,4,5,5
U00143171,1,1,1,0,0,0,3,5,5,5,5,5,5,5,5
U00143180,1,2,1,1,0,0,3,5,5,5,5,5,5,5,5
U00143190,1,0,0,0,0,0,2,5,5,5,5,5,5,5,5
U00143198,1,2,1,0,0,0,2,5,5,5,5,5,5,5,4
U00143210,1,2,0,0,0,0,3,5,5,5,5,5,4,5,5
U00143225,1,0,0,0,0,0,3,5,5,4,5,5,4,4,4
U00143229,0,0,1,1,0,0,2,5,5,5,5,5,5,5,5
U00143259,1,2,0,0,0,0,1,5,5,5,5,5,5,5,5
U00143308,1,1,1,1,0,0,1,5,5,4,4,4,5,5,5
U00143327,1,1,1,0,0,1,2,5,5,5,4,4,5,5,5
U00143341,1,0,1,0,0,0,1,5,5,5,5,5,5,5,5
U00143941,1,1,1,0,0,1,,5,5,5,5,5,5,5,5
U00143943,1,2,1,0,0,0,3,4,4,4,5,4,4,5,4
U00143968,0,1,1,0,0,0,3,5,5,5,5,5,5,5,5
U00143971,1,1,0,0,0,0,,4,5,5,5,4,5,5,4
U00143974,1,2,0,0,0,1,,5,5,5,4,5,5,5,4
U00143983,1,0,1,0,0,0,,5,5,5,5,5,5,5,5
U00144046,1,1,0,0,0,0,3,5,5,5,5,5,5,5,5
U00144089,1,1,1,1,0,0,,5,5,5,5,5,5,5,5
U00144097,1,0,1,0,0,0,3,5,5,5,4,5,5,5,5
U00144101,1,2,1,0,0,1,,4,5,4,4,4,4,4,5
U00144105,0,1,0,0,0,0,1,5,5,4,5,5,5,3,3
U00144106,1,0,0,1,0,0,3,5,5,5,5,5,5,5,5
U00144141,1,0,0,0,0,0,,4,5,4,3,3,4,4,3
U00144150,1,0,1,0,0,0,,5,5,5,5,5,5,5,5
U00144164,1,1,1,0,0,0,,5,4,4,4,5,5,4,3
U00144172,0,1,1,0,0,0,,5,5,5,5,5,5,5,5
U00144183,0,0,0,0,0,0,2,5,5,5,5,5,5,5,5
U00144186,1,0,1,0,0,0,3,5,5,5,5,4,5,5,5
U00144202,0,0,1,0,0,0,3,5,5,5,5,4,5,5,5
U00144229,1,2,0,1,0,0,2,5,5,5,4,5,5,5,3
U00144273,1,2,1,1,0,0,2,5,5,5,5,5,5,5,5
U00144288,1,0,1,0,0,0,,5,5,5,5,5,5,5,5
U00144292,1,0,0,0,0,0,,5,5,5,5,5,5,5,5
U00144323,1,2,0,0,0,0,2,5,5,5,5,5,4,4,5
U00144385,0,1,1,0,0,0,,5,5,4,4,5,5,5,5
U00144398,1,1,1,0,0,0,,4,5,5,4,5,5,5,4
U00144400,1,0,1,0,0,0,,4,5,4,3,4,4,4,5
U00144401,0,1,0,0,0,0,,5,4,5,4,4,5,5,5
U00144412,0,0,1,0,0,1,1,5,5,5,5,5,5,5,5
U00144415,1,2,1,1,0,1,3,4,5,5,4,4,4,5,4
U00144429,1,0,0,1,0,1,2,5,4,5,3,5,4,5,4
U00144451,1,2,1,0,0,0,,5,5,5,5,5,5,5,5
U00144458,0,1,1,0,0,0,,5,5,5,5,5,5,5,5
U00144473,0,2,1,0,0,0,3,5,4,5,5,5,5,5,5
U00144475,1,1,0,0,0,0,,5,5,5,5,5,5,5,5
U00144481,1,2,0,0,0,0,,5,4,5,4,4,4,5,5
U00144485,0,2,1,0,0,0,,5,5,5,5,5,5,5,5
U00144531,1,1,1,1,0,0,,5,5,4,5,5,5,5,5
U00144533,1,1,1,0,0,0,2,4,5,5,5,5,5,5,5
U00144538,1,0,1,0,0,1,1,5,5,5,5,5,5,5,5
U00144546,1,2,1,1,0,0,2,5,5,5,5,5,5,5,5
U00144549,1,1,0,1,0,0,3,5,5,5,4,4,5,5,5
U00144555,0,1,1,1,1,0,2,1,5,5,5,5,5,5,5
U00144592,1,0,1,1,0,0,,5,5,5,4,4,5,5,5
U00144615,1,0,1,0,0,0,,5,5,5,5,5,3,5,5
U00144697,0,2,0,0,0,1,3,5,5,5,5,5,5,5,5
U00144705,1,2,1,1,0,0,,5,4,4,4,4,4,5,4
U00144713,1,2,1,0,0,0,,5,5,5,5,5,5,5,5
U00144715,0,0,1,1,0,1,2,5,5,4,5,5,5,4,5
U00144719,0,2,1,1,0,0,3,4,4,5,5,4,4,4,4
U00144830,1,0,1,0,0,0,,5,5,5,5,5,5,5,5
U00144843,1,1,1,0,0,0,1,5,5,4,4,4,5,5,5
U00144877,1,1,1,1,0,0,3,5,5,5,5,5,5,5,5
U00144895,1,2,1,1,0,0,,4,5,4,5,4,5,5,5
U00144905,1,1,0,0,0,1,1,4,5,5,5,4,4,5,5
U00144915,1,2,0,0,0,0,,4,5,4,4,4,3,4,5
U00144962,0,1,1,0,0,0,1,5,5,5,5,5,5,5,5
U00144976,0,0,1,1,0,0,1,3,5,5,5,5,4,5,5
U00144988,1,1,0,1,0,0,2,4,5,5,5,4,4,4,4
U00145023,1,0,1,0,0,1,1,4,5,5,3,4,4,5,5
U00145049,1,2,1,1,0,0,1,4,5,4,5,4,4,4,4
U00145056,1,0,1,0,0,0,3,5,5,5,5,5,5,5,5
U00145104,1,0,0,1,0,0,,5,4,5,4,4,5,5,5
U00145120,1,0,1,0,0,0,3,4,5,5,3,3,3,4,4
U00145129,1,2,1,0,0,0,,5,5,5,5,5,5,5,5
U00145134,1,2,1,0,0,0,,4,5,5,4,4,4,5,5
U00145138,0,2,1,1,0,0,2,5,5,4,5,5,5,5,5
U00145142,1,0,0,0,0,1,2,4,5,4,4,4,4,4,4
U00145167,1,1,0,0,0,0,2,5,5,5,4,4,5,5,5
U00145210,1,1,0,1,0,0,3,4,4,4,4,5,4,4,4
U00145214,1,2,1,0,0,1,,4,5,5,4,5,5,5,4
U00145224,0,2,1,0,0,0,2,5,5,5,5,5,4,4,4
U00145252,1,1,1,1,0,0,,5,5,5,5,5,5,5,5
U00145282,1,1,1,0,0,0,,5,5,5,5,5,5,5,5
U00145317,1,0,1,0,0,1,,4,5,5,5,4,5,5,5
U00145340,1,1,1,0,0,0,,5,5,5,5,4,5,5,5
U00145456,1,1,1,0,0,0,,5,5,5,5,5,4,5,5
U00145457,1,1,0,1,0,0,1,5,4,,5,4,5,5,5
U00145464,0,2,1,0,0,1,,5,4,4,4,4,5,5,4
U00145465,1,2,0,1,0,0,1,5,5,5,5,5,5,5,
U00145467,1,1,0,0,0,0,3,4,5,5,5,4,4,4,4
U00145522,1,2,1,1,0,0,,3,4,5,3,4,4,4,4
U00145550,0,2,0,1,0,1,,5,5,5,4,5,4,5,4
U00145575,0,2,0,0,0,0,,5,5,5,5,5,5,5,5
U00145590,0,2,1,0,0,0,2,5,5,5,4,4,4,5,4
U00145591,1,1,1,1,0,1,2,3,5,5,4,4,5,5,4
U00145645,0,2,1,0,0,0,,5,5,4,5,5,5,5,5
U00145654,1,0,0,0,0,0,2,4,5,4,4,4,4,3,3
U00145655,1,2,1,0,0,0,3,5,5,4,5,5,4,5,4
U00145656,0,2,0,0,0,0,3,4,5,4,5,4,5,5,4
U00145675,1,0,0,0,0,0,3,5,5,4,5,5,4,5,4
U00145705,1,2,0,1,0,0,1,5,5,5,5,5,5,5,5
U00145737,1,1,1,0,0,0,,5,5,5,5,5,5,5,5
U00145741,1,0,1,0,0,0,,5,5,5,5,4,5,5,4
U00145813,1,2,0,0,0,0,,5,4,3,5,4,5,5,5
U00145918,1,2,1,0,0,1,,5,5,5,5,5,5,5,5
U00145941,1,1,1,1,0,0,3,4,4,4,4,4,4,5,4
U00145971,1,2,1,0,0,0,,5,5,5,5,5,5,5,5
U00146007,1,2,0,0,0,0,,5,5,5,5,5,5,5,5
U00146022,1,2,1,1,0,0,3,5,5,5,4,5,5,5,5
U00146024,1,2,1,0,0,0,,5,4,5,5,4,5,4,4
U00146048,1,2,1,0,0,0,1,4,4,3,4,4,4,4,4
U00146139,1,0,1,0,1,1,3,4,5,5,5,4,4,5,5
U00146272,1,0,0,0,0,0,,4,5,4,4,4,4,4,4
U00146293,1,1,1,0,0,0,,4,5,5,5,5,5,5,5
U00146307,1,2,1,1,0,0,2,5,5,5,5,5,5,5,5
U00146327,1,0,1,1,0,0,2,4,5,5,4,5,4,5,5
U00146370,1,2,1,1,0,0,1,5,4,5,5,5,5,5,4
U00146375,1,0,1,1,0,0,2,5,5,5,4,5,5,5,4
U00146381,1,2,0,0,0,0,,4,5,4,5,5,5,5,4
U00146383,0,1,1,1,0,1,2,4,4,4,5,4,3,3,3
U00146385,1,2,0,0,0,0,,5,5,5,5,5,5,5,5
U00146393,1,0,1,0,0,0,,4,4,4,4,4,5,5,4
U00146408,1,0,0,1,0,0,2,5,5,5,5,5,5,5,5
U00146423,1,0,1,1,0,0,,5,5,5,5,5,5,5,5
U00146472,0,0,1,1,0,0,,5,5,5,5,5,5,5,5
U00146487,1,1,1,1,0,0,,5,5,4,4,5,5,5,5
U00146527,1,1,1,0,0,0,3,5,5,5,4,5,5,5,5
U00146528,0,2,1,0,0,1,2,5,5,5,5,5,5,5,4
U00146535,1,2,1,0,0,0,,5,5,5,5,5,5,5,5
U00146563,1,2,1,0,0,1,,5,5,5,5,5,4,5,5
U00146601,1,1,1,0,0,0,,4,5,5,5,4,4,4,4
U00146604,0,2,0,1,0,0,3,5,4,4,4,3,4,4,4
U00146619,1,1,1,0,0,1,3,4,5,5,5,4,5,4,4
U00146626,1,1,1,0,0,0,3,5,5,4,5,4,5,4,4
U00146627,1,1,1,1,0,0,2,5,4,4,5,4,4,3,3
U00146629,1,0,0,0,0,0,,4,4,5,4,4,5,5,4
U00146640,1,2,1,1,0,0,,4,5,5,4,4,5,5,5
U00146677,1,2,1,0,0,0,,4,5,4,5,5,4,5,5
U00146678,1,1,1,0,0,1,3,5,4,4,3,4,4,5,4
U00146691,1,1,1,0,0,1,,5,4,5,5,5,5,5,5
U00146693,1,1,0,0,0,0,2,5,5,5,5,4,4,4,4
U00146699,0,1,1,1,0,0,,5,5,5,5,4,4,4,4
U00146725,1,1,1,0,0,1,2,4,5,5,4,4,4,5,4
U00146727,1,0,0,0,0,0,,5,5,5,5,5,5,5,5
U00146730,1,0,1,1,0,0,,5,5,5,5,5,5,5,5
U00146734,0,2,1,0,0,0,,4,5,5,5,4,5,5,4
U00146737,1,1,1,0,0,0,3,5,5,5,5,5,5,5,5
U00146760,1,2,1,1,0,0,2,5,5,4,4,4,4,5,5
U00146801,1,2,1,0,0,1,3,5,5,5,5,5,5,5,5
U00146882,1,2,0,1,0,0,,4,5,5,4,3,4,4,4
U00146924,1,0,1,1,0,0,,5,5,5,5,5,5,5,5
U00146939,0,0,0,1,0,1,3,5,5,5,5,4,5,5,5
U00146977,1,2,0,1,0,0,3,5,4,5,5,4,4,5,4
U00147015,1,1,1,0,0,0,2,5,4,5,4,5,5,5,4
U00147031,1,1,1,1,0,1,1,5,5,5,4,4,5,5,5
U00147086,1,1,0,0,0,0,3,5,5,5,5,5,5,5,5
U00147094,1,2,1,0,0,0,3,5,5,5,5,5,5,5,5
U00147098,1,1,1,1,0,0,2,5,5,5,5,5,5,5,5
U00147129,1,0,1,1,0,1,3,5,5,5,5,5,5,5,5
U00147145,1,2,1,0,0,0,2,5,5,4,5,5,5,5,5
U00147154,0,0,1,0,0,1,3,5,5,5,5,4,5,5,5
U00147191,1,1,1,0,0,0,,5,5,5,5,4,4,5,5
U00148029,1,0,1,0,0,0,,4,5,5,5,5,3,5,5
U00148034,1,0,1,1,0,1,3,4,4,5,4,4,4,4,4
U00148043,0,2,1,1,0,1,3,4,5,5,,4,4,4,4
U00148046,1,1,1,0,0,0,3,4,5,5,5,5,5,5,5
U00148049,1,2,1,0,0,0,,4,4,4,4,4,3,4,3
U00148051,1,2,0,1,0,0,,4,5,4,4,4,4,4,5
U00148055,0,0,1,0,1,0,3,4,5,5,4,5,5,4,5
U00148056,1,2,0,1,0,0,2,5,5,5,5,5,5,5,5
U00148060,0,0,1,0,1,0,1,5,5,5,5,5,5,5,5
U00148075,1,2,0,1,0,0,,4,5,4,3,5,4,4,4
U00148083,1,1,0,0,0,0,,5,5,5,5,5,5,5,5
U00148089,0,1,1,0,0,0,,5,5,5,5,5,4,4,3
U00148106,0,0,1,0,1,1,1,5,5,5,4,5,5,5,5
U00148108,1,2,1,0,0,0,3,4,4,4,4,4,4,4,4
U00148116,1,2,0,0,0,0,,4,4,5,4,5,4,4,3
U00148118,1,2,0,0,0,0,,5,5,5,5,4,3,5,4
U00148120,1,0,0,0,0,1,1,5,5,5,4,4,4,5,5
U00148121,1,2,1,0,0,0,2,5,5,5,5,5,4,4,3
U00148127,1,2,1,1,0,0,,5,5,5,5,5,5,5,5
U00148133,1,0,1,0,0,0,,5,5,5,5,5,5,5,5
U00148145,1,1,1,0,0,0,2,5,5,5,4,5,5,5,5
U00148146,1,0,1,1,0,0,2,5,5,5,4,4,5,4,4
U00148159,1,2,1,1,0,0,3,3,5,5,5,5,5,5,4
U00148163,1,1,1,0,0,0,3,4,5,5,5,5,4,5,5
U00148175,1,0,1,0,0,0,2,5,5,5,5,5,5,5,5
U00148203,0,1,1,0,0,0,,4,5,5,4,3,5,5,4
U00148234,1,2,0,1,0,0,2,4,5,5,4,5,4,5,4
U00148236,0,0,1,0,0,0,,4,5,5,5,5,4,5,5
U00148239,0,1,1,0,1,1,2,5,5,5,5,5,5,5,5
U00148244,1,0,1,0,0,0,,5,5,5,5,5,5,5,5
U00148250,1,2,0,0,0,0,,5,5,5,5,4,5,5,5
U00148845,1,1,0,0,0,0,3,5,5,5,5,5,5,5,5
U00148873,0,0,0,0,0,0,,4,4,5,4,5,5,3,4
U00149049,1,2,1,0,0,0,2,5,5,5,4,4,5,5,5
U00149095,1,0,1,0,0,0,,5,5,5,5,4,4,5,4
U00149152,0,0,1,0,0,0,,5,5,5,5,5,3,4,4
U00149294,1,0,0,1,0,0,2,4,4,4,3,4,4,3,3
U00149307,1,0,1,0,0,0,,4,5,5,3,5,4,5,5
U00149311,1,0,1,0,0,0,,5,5,4,5,5,5,5,5
U00149319,0,1,1,0,0,1,,4,5,4,3,4,4,4,5
U00149362,0,2,0,1,0,1,,5,5,5,5,5,5,5,5
U00149368,1,1,0,0,0,0,2,4,4,5,3,2,4,4,3
U00149385,1,2,0,1,0,0,3,5,5,5,5,5,5,5,5
U00150290,0,0,0,0,0,0,,5,5,5,4,5,4,5,5
U00150722,0,2,1,0,0,0,2,5,5,5,5,5,5,5,5
U00150745,1,0,0,0,0,0,,5,5,4,4,5,3,5,5
U00150769,0,2,1,1,0,1,2,5,4,5,4,4,4,5,4
U00151859,0,0,0,0,0,0,3,4,4,5,3,5,5,4,3
U00152355,1,0,1,0,0,1,1,5,5,5,5,5,4,4,4
U00152357,0,0,1,1,0,1,2,5,4,4,5,5,3,4,4
U00152363,1,0,1,0,0,0,3,5,5,5,5,4,4,4,4
U00152441,1,1,1,1,0,0,1,5,5,5,5,5,5,5,5
U00152503,1,0,0,0,0,1,2,5,5,5,4,5,5,5,5
U00152738,0,1,0,0,0,0,3,5,4,5,4,5,5,5,4
U00152904,1,1,0,0,0,0,3,5,5,5,4,4,5,4,5
U00152947,1,2,1,1,0,0,,5,4,5,4,4,4,4,5
U00152949,0,1,1,0,0,0,3,5,5,5,5,4,4,5,5
U00152964,0,2,1,1,0,0,2,5,4,5,5,4,5,5,4
U00152971,0,1,1,1,1,0,3,4,5,5,4,5,4,4,4
U00152989,1,1,0,0,0,1,2,4,4,4,5,4,4,3,4
U00152996,1,2,1,0,0,0,,5,5,5,5,5,5,5,5
U00153014,1,0,1,0,0,0,,4,5,5,5,5,5,5,5
U00153033,1,2,1,0,0,0,3,5,5,5,5,5,5,5,5
U00153114,1,2,1,1,1,0,1,4,5,5,5,5,4,5,4
U00153117,0,2,1,0,0,0,,5,4,5,3,4,4,4,5
U00153127,1,2,1,0,0,0,,5,5,5,5,5,5,5,5
U00153171,1,1,1,0,0,0,3,5,5,5,5,5,5,5,5
U00153174,1,0,0,1,0,0,3,5,5,5,5,5,5,5,5
U00153286,1,1,1,0,0,0,,5,4,5,5,5,5,5,5
U00153302,0,1,1,1,0,1,2,4,5,5,5,5,5,5,4
U00153327,1,2,0,0,0,0,,5,5,5,5,4,4,5,5
U00153329,1,1,1,1,0,1,1,4,4,4,4,4,5,5,5
U00153493,1,2,1,0,0,1,3,4,5,5,5,4,4,5,5
U00153570,0,0,1,0,0,0,,4,5,5,5,5,5,5,5
U00153591,1,2,0,0,0,0,,5,5,5,5,5,5,5,5
U00153593,0,2,0,1,1,0,3,5,4,5,4,4,5,4,5
U00153598,1,2,0,0,0,0,3,5,5,5,4,4,5,4,4
U00153624,0,0,0,1,0,0,3,4,5,5,5,4,4,5,4
U00153730,1,0,0,0,0,0,,4,4,4,4,5,3,5,5
U00153857,0,2,0,0,0,0,,4,4,4,3,3,4,4,3
U00153904,1,0,1,0,0,0,,5,4,5,5,5,5,5,5
U00153913,1,1,1,0,0,0,3,5,5,5,5,5,4,5,3
U00153920,1,1,1,1,1,0,2,5,5,4,5,4,3,5,5
U00153960,1,2,0,1,0,0,3,4,5,5,3,3,4,3,3
U00154011,0,2,1,0,0,0,3,5,5,5,5,5,5,5,5
U00154014,1,0,1,0,0,0,3,5,4,5,5,5,4,5,5
U00154037,1,0,0,1,0,0,2,5,5,5,5,5,5,5,5
U00154070,1,2,0,0,0,0,,5,5,5,4,5,5,3,4
U00154083,1,2,1,1,0,0,3,5,4,5,4,5,5,5,5
U00154190,1,2,1,0,0,0,,4,4,4,4,4,4,4,4
U00154286,1,1,1,1,0,0,2,4,5,5,5,5,4,4,4
U00154297,1,1,1,1,0,0,1,5,5,5,5,5,5,5,5
U00154314,0,2,1,0,0,0,,4,5,5,5,5,5,5,5
U00154328,1,0,1,0,0,0,,5,5,4,5,5,5,5,5
U00154352,1,2,1,0,0,0,3,5,5,4,5,3,5,5,5
U00154386,1,2,1,1,0,0,3,5,5,5,5,5,5,5,5
U00154424,1,1,1,0,0,0,,5,5,4,5,5,5,5,5
U00154526,1,2,0,0,0,1,3,5,5,5,5,4,5,5,4
U00154596,1,1,1,0,0,0,,5,5,5,5,5,5,5,5
U00154597,1,1,1,0,0,0,,5,4,5,5,5,5,5,4
U00154671,0,1,1,1,0,0,1,5,5,5,4,4,5,5,5
U00154718,1,1,1,0,0,0,2,5,5,5,5,5,5,5,5
U00154738,1,2,0,0,0,0,2,4,4,5,4,4,3,5,5
U00154775,1,0,1,0,0,0,,5,5,5,5,5,5,5,5
U00155664,1,1,0,0,0,0,,5,5,5,5,5,5,5,5
U00155670,1,0,1,0,0,0,3,5,5,5,5,5,5,5,5
U00155672,1,2,1,0,0,0,,5,5,5,5,4,5,5,5
U00155682,1,0,1,0,0,0,,4,4,5,4,5,4,4,5
U00155695,1,2,1,0,0,0,3,5,5,5,5,4,5,5,5
U00155696,1,1,1,1,0,0,3,4,5,5,4,4,4,5,5
U00155710,1,0,1,1,0,0,1,4,5,4,4,4,4,4,4
U00155722,0,1,1,0,0,0,2,5,5,5,5,5,5,5,5
U00155723,1,1,1,1,0,1,3,3,4,5,3,4,4,4,3
U00155724,0,2,1,1,0,0,3,5,5,5,5,4,5,5,5
U00155742,0,2,0,0,0,1,3,5,5,5,5,4,5,4,5
U00155743,0,1,1,1,0,0,3,4,5,5,4,5,5,5,4
U00155756,1,2,0,1,0,0,1,5,5,5,5,5,5,5,5
U00155760,1,1,1,0,0,0,,5,5,5,5,5,5,5,5
U00155784,0,1,1,1,0,0,3,4,5,5,5,4,4,5,5
U00155833,1,2,1,0,0,0,,5,4,4,5,5,4,5,5
U00155849,1,2,1,1,0,0,1,5,5,5,5,4,5,5,4
U00155853,0,0,1,0,0,0,,4,5,5,4,4,4,5,5
U00155855,1,2,0,0,0,0,,4,3,5,4,4,2,4,3
U00155866,0,0,1,1,0,0,2,4,4,4,3,4,3,3,4
U00155868,0,2,0,0,0,0,2,4,5,5,4,3,4,5,4
U00155879,1,2,1,0,0,0,,5,5,5,5,5,5,5,5
U00155905,1,1,1,0,0,0,3,5,5,5,5,5,5,5,5
U00155912,0,1,0,0,0,0,1,4,4,4,5,4,5,5,4
U00155913,1,1,0,0,0,0,3,4,5,5,5,4,5,4,4
U00155951,1,1,0,0,0,0,3,5,4,5,5,5,5,5,5
U00155968,1,0,1,0,0,0,3,5,5,5,5,5,5,5,5
U00155973,1,0,1,0,0,0,,4,5,5,5,5,4,5,5
U00155975,0,0,1,0,0,0,,2,5,5,4,4,4,4,4
U00156002,1,0,1,0,0,0,2,5,5,4,5,5,5,5,5
U00156015,1,0,1,1,0,0,2,5,5,5,5,5,4,5,5
U00156017,1,2,1,1,0,0,3,3,4,5,4,4,3,3,4
U00156024,1,1,1,0,0,0,,4,5,5,3,4,3,4,3
U00156031,1,2,0,0,0,0,,5,5,5,5,4,5,5,5
U00156097,0,2,1,0,0,0,1,5,5,5,5,5,,5,5
U00156106,1,0,1,0,0,0,3,4,5,4,3,3,4,5,4
U00156120,1,0,0,1,0,1,2,5,5,5,5,5,5,5,5
U00156122,1,0,1,0,0,0,,5,5,4,4,5,5,4,4
U00156239,1,1,1,0,0,0,,5,4,4,4,4,5,4,4
U00156284,1,1,1,0,0,0,,5,4,5,5,4,5,4,5
U00156456,1,2,1,0,0,0,,4,5,4,3,4,4,4,4
U00156458,0,0,1,1,0,0,1,5,5,5,5,5,5,5,5
U00156461,1,0,1,1,0,0,,5,5,5,5,5,4,5,5
U00156471,1,1,1,1,0,0,,5,4,5,5,5,5,5,4
U00156484,1,0,0,0,0,0,3,5,5,5,5,5,5,5,5
U00156503,0,1,1,0,0,0,1,3,4,4,4,4,4,4,5
U00156504,1,2,1,0,0,1,3,3,4,4,4,4,3,3,4
U00156506,0,2,1,1,0,1,2,5,5,5,4,5,5,5,5
U00156531,1,1,1,0,0,0,,5,5,5,5,5,5,5,5
U00156549,0,2,1,1,0,0,3,5,5,5,4,5,5,5,5
U00156557,1,2,0,0,0,0,2,5,5,5,5,4,5,5,5
U00156611,1,0,1,1,1,0,1,5,5,4,4,5,5,5,5
U00156623,1,2,0,0,0,0,3,5,4,4,4,4,4,5,5
U00156717,1,2,0,1,0,0,3,5,5,5,5,5,5,5,5
U00156746,1,1,1,0,0,0,1,5,5,5,5,5,5,5,5
U00156771,1,2,1,0,0,0,,5,5,5,4,5,5,5,4
U00156795,1,1,1,1,0,0,2,5,5,5,5,5,4,4,5
U00156812,0,1,1,0,0,0,,4,5,4,5,5,4,5,4
U00156823,1,1,0,0,0,0,,5,4,5,5,4,5,4,5
U00156848,0,0,1,1,0,0,3,4,5,4,5,5,4,5,5
U00156882,0,0,1,0,0,0,,5,5,5,5,5,5,5,5
U00156920,0,0,1,1,0,0,2,4,5,5,4,4,4,4,5
U00156926,0,0,1,1,0,0,2,5,5,5,5,5,5,5,5
U00156940,0,1,1,1,0,0,2,4,5,4,5,5,5,5,4
U00156944,1,0,1,0,0,0,3,5,5,4,5,5,5,5,5
U00156951,0,0,0,1,0,0,2,4,5,5,3,4,4,4,5
U00156998,1,2,0,0,0,1,2,5,4,5,5,5,5,5,5
U00156999,1,2,0,0,0,0,,5,5,5,5,5,5,5,5
U00157007,1,1,1,1,0,0,3,4,5,4,4,5,4,4,4
U00157009,1,0,0,1,0,0,2,5,5,5,5,5,4,5,5
U00157010,1,1,1,1,0,0,2,5,4,5,5,5,5,4,4
U00157015,1,2,0,1,0,1,2,5,4,4,4,5,4,5,5
U00157052,0,2,0,1,0,0,,5,4,5,5,5,5,5,5
U00157054,1,1,1,0,0,1,3,5,5,5,5,5,4,5,5
U00157066,1,1,0,1,0,0,1,5,5,3,4,5,5,5,5
U00157121,1,0,0,1,0,1,2,5,5,5,5,5,5,5,5
U00157212,0,0,1,0,0,0,3,4,4,5,5,4,4,5,5
U00157310,1,0,0,0,0,0,1,5,5,5,5,4,4,4,5
U00157336,1,2,1,0,0,1,1,5,5,5,4,5,5,5,5
U00157374,1,1,1,1,0,1,3,3,4,4,4,4,4,4,4
U00157434,0,0,1,0,0,0,1,5,5,5,4,4,5,5,5
U00157445,0,1,1,0,0,1,2,4,4,5,4,5,4,4,4
U00157468,0,1,0,0,0,1,3,4,5,5,2,5,5,5,4
U00157470,1,1,0,1,0,0,3,5,5,5,4,4,5,5,5
U00157496,1,0,0,0,0,0,3,5,5,5,5,5,5,5,5
U00157594,1,2,1,0,0,0,3,4,4,5,4,3,5,4,3
U00157601,1,2,1,0,0,0,,5,5,4,4,5,5,5,5
U00157618,1,2,1,0,1,0,3,4,5,4,4,4,4,4,4
U00157619,1,0,1,1,0,0,1,5,4,4,4,4,5,5,4
U00157628,1,1,1,0,0,0,3,5,5,4,5,4,4,4,4
U00157666,1,2,0,1,0,0,2,5,5,4,4,4,4,4,4
U00157734,0,2,0,1,0,0,2,5,4,4,4,3,4,4,4
U00157778,0,1,1,0,0,1,1,5,5,5,5,4,5,5,4
U00157817,0,0,1,0,0,0,,5,5,5,5,5,5,5,5
U00157831,0,0,1,0,0,0,1,5,5,5,5,5,5,5,5
U00157842,1,2,1,1,0,0,,4,4,4,3,4,4,4,4
U00157876,1,2,0,0,0,0,3,4,5,4,5,5,4,4,4
U00157897,1,1,1,1,0,0,1,4,4,4,5,5,4,5,5
U00157898,1,0,1,1,0,0,3,5,4,5,5,5,5,5,4
U00157928,1,0,1,0,0,1,3,5,5,4,5,5,5,5,5
U00157943,1,0,1,0,0,0,3,4,4,5,5,5,5,5,5
U00157990,0,2,0,0,0,0,,5,5,4,5,5,5,5,5
U00158005,1,1,1,1,0,0,3,4,3,4,3,4,4,4,4
U00158009,0,2,1,1,0,1,2,5,5,5,5,5,5,5,5
U00158025,1,0,1,0,0,1,1,5,5,5,5,4,5,5,5
U00158037,1,1,1,0,0,0,2,5,5,5,5,5,5,5,5
U00158081,0,2,0,1,0,0,1,5,4,4,3,5,5,5,4
U00158111,1,1,0,1,0,0,1,5,5,5,5,5,5,5,5
U00158138,1,1,1,1,0,1,1,5,5,4,5,4,5,5,5
U00158147,0,2,1,1,0,1,3,4,5,5,4,5,5,5,4
U00158158,1,0,0,0,0,0,,5,5,5,4,4,4,5,5
U00158179,1,2,1,0,0,0,,4,4,4,3,4,4,4,3
U00158372,1,2,1,1,0,1,,5,4,5,4,5,4,5,5
U00158378,1,0,0,0,0,0,3,5,5,5,5,4,5,5,5
U00158404,1,1,1,1,0,0,1,5,5,5,5,5,5,5,5
U00158440,1,0,1,0,0,0,3,5,5,5,5,5,5,5,5
U00158470,0,2,1,0,0,0,3,5,5,5,5,4,5,5,5
U00158478,0,0,0,0,0,0,3,4,5,4,4,5,4,5,5
U00158480,1,2,0,0,0,0,,4,5,5,4,4,4,4,4
U00158484,0,1,1,0,0,1,,4,4,5,3,4,4,5,4
U00158505,1,1,1,0,0,0,,5,5,5,5,5,5,5,5
U00158517,1,0,1,0,0,0,2,5,5,5,5,5,5,5,5
U00158523,1,2,1,1,1,0,1,5,5,5,5,5,5,5,5
U00158632,1,1,1,1,0,0,2,5,4,5,4,5,5,5,5
U00158661,1,2,1,0,0,1,3,5,5,5,5,5,5,5,5
U00158677,1,1,0,0,0,1,2,4,5,5,4,4,4,4,4
U00158775,1,2,1,0,0,0,,5,5,5,5,5,5,5,5
U00158778,1,2,1,1,0,0,1,5,5,5,5,5,5,5,5
U00158812,1,1,0,1,0,0,3,5,5,5,5,5,5,5,5
U00158844,1,2,1,1,0,0,2,5,5,4,4,5,4,4,5
U00158938,1,2,1,1,0,0,3,4,5,5,5,4,4,4,5
U00158957,0,1,1,1,0,0,3,5,4,4,5,5,5,5,4
U00158962,0,0,1,1,0,0,1,5,4,5,5,5,4,5,4
U00158965,1,2,1,1,0,0,2,4,5,4,4,5,5,5,5
U00158983,1,0,1,1,0,0,1,5,5,5,5,5,5,5,5
U00158990,1,2,1,1,0,0,,5,5,5,5,5,4,5,5
U00159150,1,2,1,0,0,0,,1,5,4,5,4,4,5,5
U00159973,0,0,1,0,0,0,3,5,5,5,5,5,5,5,5
U00160015,0,1,1,0,0,0,1,5,5,3,3,4,4,4,4
U00160056,0,2,1,1,0,0,3,5,5,5,5,5,5,5,5
U00160076,0,1,1,0,0,0,2,4,4,5,4,5,5,4,3
U00160080,0,0,1,1,0,0,1,5,4,4,4,4,4,5,4
U00160117,1,2,1,0,0,0,,5,5,5,5,5,5,5,5
U00160125,0,2,0,1,0,0,3,5,5,4,5,5,5,5,5
U00160133,0,1,1,0,0,0,,4,5,5,4,4,5,5,5
U00160175,0,2,0,1,0,0,1,4,4,5,5,4,3,3,3
U00160850,1,2,0,0,0,0,3,4,4,4,5,5,5,4,4
U00160852,1,1,1,0,0,0,1,5,5,5,5,5,5,5,5
U00161467,1,2,1,0,0,0,2,4,5,5,4,4,4,5,5
U00161686,1,0,1,0,0,0,,4,5,4,3,3,4,5,4
U00164110,0,2,1,1,0,0,1,5,5,5,5,5,5,5,5
U00164137,0,2,1,0,0,0,2,5,5,5,5,4,4,5,5
U00164635,1,1,1,1,0,0,3,5,5,5,5,5,4,5,5
U00164636,0,1,1,0,0,0,,4,4,5,4,5,4,5,5
U00164646,0,1,1,1,0,0,1,5,5,5,5,5,5,5,5
U00164673,0,1,1,1,0,0,2,4,4,3,3,4,4,2,2
U00164781,1,0,1,0,0,0,2,5,5,5,5,5,5,5,5
U00164875,0,1,1,1,0,0,2,4,5,4,4,5,4,5,4
U00164951,1,2,1,0,0,0,,4,5,5,4,3,5,5,4
U00165235,0,1,1,0,0,0,3,5,5,5,5,5,5,5,5
U00165236,0,0,1,0,0,0,1,5,4,5,5,4,4,5,4
U00165322,1,1,1,0,0,0,,4,5,5,5,5,5,5,5
U00165393,0,2,0,1,1,0,2,5,5,4,4,5,4,5,5
U00165395,1,0,0,1,0,0,,5,5,5,5,5,5,4,5
U00165470,1,2,0,0,0,0,,4,5,4,5,4,5,4,5
U00165552,0,2,1,1,0,0,1,4,5,5,5,5,4,4,5
U00165602,1,1,1,0,0,0,2,5,5,5,5,5,5,5,5
U00165648,1,2,1,0,0,0,,4,4,4,4,4,4,5,4
U00165748,0,0,0,1,0,0,2,5,5,5,5,5,5,5,5
U00165840,0,1,0,1,1,0,1,5,5,4,5,5,4,5,5
U00166226,0,2,0,1,0,0,1,5,5,5,5,4,5,5,5
U00166245,0,2,1,0,0,0,,4,5,5,4,4,4,4,4
U00167692,0,1,1,0,0,0,,5,5,5,5,5,5,5,5
U00168512,0,1,1,0,0,0,2,5,5,5,4,4,4,5,5
U00169244,0,1,0,1,0,0,,5,5,5,5,5,5,5,5
U00170866,0,1,1,1,0,0,3,5,5,5,5,5,5,5,5
